delta_seek,base_prev,VE_TND,VE_TTE
-0.4,0.01,0.9700778619077239,0.45947379431186375
-0.4,0.030714285714285715,0.9501528587845016,0.46000699588616834
-0.4,0.05142857142857143,0.9314517011267913,0.4968724332056934
-0.4,0.07214285714285713,0.9137851544490548,0.5063243161111426
-0.4,0.09285714285714285,0.8890925756186985,0.4865192266402758
-0.4,0.11357142857142856,0.8714974969986635,0.49461851096024634
-0.4,0.13428571428571429,0.8466665139820901,0.49463473068954433
-0.4,0.155,0.8281475046295238,0.4976128841674172
-0.4,0.1757142857142857,0.8047143558683909,0.4893589289452236
-0.4,0.19642857142857142,0.7855519898807711,0.49843346248409803
-0.4,0.21714285714285714,0.7584131457641692,0.5006808432243152
-0.4,0.23785714285714285,0.7367005307779139,0.4976380893363066
-0.4,0.25857142857142856,0.7160093817249801,0.5076457651736539
-0.4,0.27928571428571425,0.6832859789993824,0.4960302931212537
-0.4,0.3,0.6673914654938105,0.5068483130459498
-0.35000000000000003,0.01,0.9700995249457235,0.47176888557241903
-0.35000000000000003,0.030714285714285715,0.9498150405200249,0.5365468991489235
-0.35000000000000003,0.05142857142857143,0.9314354538486807,0.4974036395090834
-0.35000000000000003,0.07214285714285713,0.911324053378184,0.5175826041380243
-0.35000000000000003,0.09285714285714285,0.891147818720881,0.49637725277585754
-0.35000000000000003,0.11357142857142856,0.8669620566339039,0.4859438582695579
-0.35000000000000003,0.13428571428571429,0.8543773147622186,0.5177721208029762
-0.35000000000000003,0.155,0.8253392418432715,0.4865335375667633
-0.35000000000000003,0.1757142857142857,0.8077308651761359,0.49395524306061256
-0.35000000000000003,0.19642857142857142,0.779828905898244,0.50332326254793
-0.35000000000000003,0.21714285714285714,0.7621484587864572,0.5084747979027663
-0.35000000000000003,0.23785714285714285,0.7400759076695391,0.5050994872762815
-0.35000000000000003,0.25857142857142856,0.7175646525606534,0.5043052806738598
-0.35000000000000003,0.27928571428571425,0.6870199033057649,0.4966293695555022
-0.35000000000000003,0.3,0.663079326505815,0.5093581767405311
-0.30000000000000004,0.01,0.9703559427238286,0.4979976956643096
-0.30000000000000004,0.030714285714285715,0.9517768140332707,0.5155422431611276
-0.30000000000000004,0.05142857142857143,0.9288172750191823,0.47501123501508136
-0.30000000000000004,0.07214285714285713,0.9138928298592164,0.49501670494607164
-0.30000000000000004,0.09285714285714285,0.8926551145891559,0.5107253043277988
-0.30000000000000004,0.11357142857142856,0.8721386453825976,0.4949461034085332
-0.30000000000000004,0.13428571428571429,0.8513627167958538,0.49307273339920354
-0.30000000000000004,0.155,0.8324810236888573,0.5178322877228596
-0.30000000000000004,0.1757142857142857,0.8054909150741603,0.5090023264224897
-0.30000000000000004,0.19642857142857142,0.789087093389297,0.5025282445792334
-0.30000000000000004,0.21714285714285714,0.7600696348937591,0.5150047123947397
-0.30000000000000004,0.23785714285714285,0.7346374809104792,0.5103877781087779
-0.30000000000000004,0.25857142857142856,0.7021281867056463,0.49347218300177864
-0.30000000000000004,0.27928571428571425,0.6833626172387339,0.49206081301651505
-0.30000000000000004,0.3,0.6689510661900653,0.5057669498873834
-0.25,0.01,0.9725406785068595,0.524689179616755
-0.25,0.030714285714285715,0.9512917522430008,0.4874260637567671
-0.25,0.05142857142857143,0.9308631798164739,0.48532104171824664
-0.25,0.07214285714285713,0.9106507174917637,0.4996811970953401
-0.25,0.09285714285714285,0.8923637801155206,0.49803405205764684
-0.25,0.11357142857142856,0.8720990317000292,0.49998218909165815
-0.25,0.13428571428571429,0.846919854405604,0.4958696763827696
-0.25,0.155,0.8315628355378887,0.5174153448764782
-0.25,0.1757142857142857,0.8072966479274067,0.5041286966238777
-0.25,0.19642857142857142,0.7819506595131551,0.5000441217245273
-0.25,0.21714285714285714,0.7633674361458309,0.5013027663064584
-0.25,0.23785714285714285,0.7367968470082408,0.5000148451769906
-0.25,0.25857142857142856,0.7158691275981665,0.5001944734070516
-0.25,0.27928571428571425,0.689908256880734,0.5068868712565171
-0.25,0.3,0.67046270393385,0.5068452809297578
-0.2,0.01,0.9685246603188189,0.43333292764889764
-0.2,0.030714285714285715,0.9500550625121461,0.4577337611841218
-0.2,0.05142857142857143,0.9313834786980567,0.5125050309564618
-0.2,0.07214285714285713,0.9093684326954983,0.4763298030920907
-0.2,0.09285714285714285,0.8912425957324995,0.5050402477526115
-0.2,0.11357142857142856,0.8664131584276489,0.493633212938709
-0.2,0.13428571428571429,0.8513664440544298,0.4996183144047439
-0.2,0.155,0.8302299610274175,0.488767762992977
-0.2,0.1757142857142857,0.8013821764609745,0.4849690467904141
-0.2,0.19642857142857142,0.7838213469647358,0.5070500550501431
-0.2,0.21714285714285714,0.7652194375808918,0.5053876255307734
-0.2,0.23785714285714285,0.7302234189651409,0.4940783668466949
-0.2,0.25857142857142856,0.7042260454355264,0.4887855232825108
-0.2,0.27928571428571425,0.6927317321935937,0.507551077585195
-0.2,0.3,0.6630006687969087,0.49194690757034554
-0.15000000000000002,0.01,0.9898656138920476,0.4749278329282378
-0.15000000000000002,0.030714285714285715,0.9921941450950529,0.50959194711092
-0.15000000000000002,0.05142857142857143,0.9970176546139278,0.5178691793924164
-0.15000000000000002,0.07214285714285713,0.9964509532291048,0.5001096920442308
-0.15000000000000002,0.09285714285714285,0.9936385348541327,0.48994152372714606
-0.15000000000000002,0.11357142857142856,0.9978115011045349,0.5032087282939873
-0.15000000000000002,0.13428571428571429,0.9918728871137948,0.5031188138337898
-0.15000000000000002,0.155,0.9926422326852704,0.5066521607942626
-0.15000000000000002,0.1757142857142857,0.9920337764168232,0.4859749213113965
-0.15000000000000002,0.19642857142857142,0.9976971665623615,0.4964295588465122
-0.15000000000000002,0.21714285714285714,0.9838490392094725,0.5122168298692416
-0.15000000000000002,0.23785714285714285,0.9929471017083521,0.4882448419522365
-0.15000000000000002,0.25857142857142856,0.9834756161692342,0.5023490663789076
-0.15000000000000002,0.27928571428571425,0.9932764450340381,0.5030949586410667
-0.15000000000000002,0.3,0.9935639582906606,0.4970478789007696
-0.09999999999999998,0.01,0.9809839714096171,0.46100242926632384
-0.09999999999999998,0.030714285714285715,0.998870989341357,0.5276166912438149
-0.09999999999999998,0.05142857142857143,0.9947608196602061,0.5112085854070915
-0.09999999999999998,0.07214285714285713,0.9961891718052751,0.5136640261357522
-0.09999999999999998,0.09285714285714285,0.9979643070371675,0.5185342166864699
-0.09999999999999998,0.11357142857142856,0.989994303153156,0.5096975910973601
-0.09999999999999998,0.13428571428571429,0.9942010611200555,0.5052364218400316
-0.09999999999999998,0.155,0.9961348871629806,0.48728904515157967
-0.09999999999999998,0.1757142857142857,0.9918124138088776,0.48745067687735855
-0.09999999999999998,0.19642857142857142,0.9959942905143504,0.5002146223903603
-0.09999999999999998,0.21714285714285714,0.99573185162441,0.49062690426254896
-0.09999999999999998,0.23785714285714285,0.9930928070352428,0.5019356653262406
-0.09999999999999998,0.25857142857142856,0.9939504254699549,0.49361582537119697
-0.09999999999999998,0.27928571428571425,0.9961882032728719,0.4962490027552746
-0.09999999999999998,0.3,0.9919969941167538,0.5022644099024753
-0.04999999999999999,0.01,0.9931190118040552,0.5230462866809209
-0.04999999999999999,0.030714285714285715,0.9979804744902779,0.5177100000098795
-0.04999999999999999,0.05142857142857143,0.99236795844697,0.4499461235020151
-0.04999999999999999,0.07214285714285713,0.9988400369050753,0.5114182654130921
-0.04999999999999999,0.09285714285714285,0.9964022878456875,0.5181609740350872
-0.04999999999999999,0.11357142857142856,0.9887579976134361,0.47226070006520116
-0.04999999999999999,0.13428571428571429,0.9970324699904983,0.5097598092720627
-0.04999999999999999,0.155,0.993218735665013,0.5035071760343057
-0.04999999999999999,0.1757142857142857,0.9970929299604748,0.5118794927498368
-0.04999999999999999,0.19642857142857142,0.9883093251974189,0.5072956201853673
-0.04999999999999999,0.21714285714285714,0.9928108739030966,0.49701817661517556
-0.04999999999999999,0.23785714285714285,0.9880508369463578,0.5003895215840497
-0.04999999999999999,0.25857142857142856,0.9879915343250724,0.5036454162554678
-0.04999999999999999,0.27928571428571425,0.9920543748524088,0.4998001837848721
-0.04999999999999999,0.3,0.9916483424713808,0.5003628167987931
0.0,0.01,0.9719602290872703,0.4950056108219697
0.0,0.030714285714285715,0.9842863422229906,0.4907058736820301
0.0,0.05142857142857143,0.9882110558333222,0.47516316367057443
0.0,0.07214285714285713,0.989913583172065,0.5162068432382505
0.0,0.09285714285714285,0.9892388540897984,0.4889566220419318
0.0,0.11357142857142856,0.9903524439802889,0.5212180436196123
0.0,0.13428571428571429,0.9873272787444272,0.513372980681277
0.0,0.155,0.989314129877709,0.47957189253738897
0.0,0.1757142857142857,0.9857522451816938,0.5078751259469898
0.0,0.19642857142857142,0.9885927090104853,0.5135742687505256
0.0,0.21714285714285714,0.9901190862309319,0.4957151234697812
0.0,0.23785714285714285,0.9869229336687964,0.5053180839661885
0.0,0.25857142857142856,0.9884729940336227,0.512043798616761
0.0,0.27928571428571425,0.9887397144078627,0.49434701327541
0.0,0.3,0.9884251045550964,0.5072950909016118
0.04999999999999999,0.01,0.9400711185159432,0.4626469551945529
0.04999999999999999,0.030714285714285715,0.9739244646186305,0.4992499694328245
0.04999999999999999,0.05142857142857143,0.9706654811365738,0.4735269828322287
0.04999999999999999,0.07214285714285713,0.9767817775191454,0.48006795201730246
0.04999999999999999,0.09285714285714285,0.9813724481049013,0.5052187751175541
0.04999999999999999,0.11357142857142856,0.975225221635566,0.5150300299012205
0.04999999999999999,0.13428571428571429,0.975477619020173,0.4947445545337069
0.04999999999999999,0.155,0.9806367058748867,0.5027996196065683
0.04999999999999999,0.1757142857142857,0.9820776357320149,0.49090752575316665
0.04999999999999999,0.19642857142857142,0.9780538050879849,0.4949245377595147
0.04999999999999999,0.21714285714285714,0.9824719188629948,0.4996267381145316
0.04999999999999999,0.23785714285714285,0.9808491767113716,0.49352258564953544
0.04999999999999999,0.25857142857142856,0.9780181655076727,0.4990754905575744
0.04999999999999999,0.27928571428571425,0.9797050791818023,0.49644105137500927
0.04999999999999999,0.3,0.9844759964667088,0.5014329129861477
0.09999999999999998,0.01,0.9225613737787217,0.5046371121495373
0.09999999999999998,0.030714285714285715,0.9557205012307496,0.5236091868999373
0.09999999999999998,0.05142857142857143,0.9601838764390893,0.4856175984896187
0.09999999999999998,0.07214285714285713,0.9620016582652784,0.4928707500671252
0.09999999999999998,0.09285714285714285,0.9646879256192926,0.5180508808502423
0.09999999999999998,0.11357142857142856,0.962807791141782,0.4792789883842631
0.09999999999999998,0.13428571428571429,0.969315040695323,0.5141986798766722
0.09999999999999998,0.155,0.9652313580772272,0.4946572670887923
0.09999999999999998,0.1757142857142857,0.9603842584188798,0.49942984498149245
0.09999999999999998,0.19642857142857142,0.966948765766237,0.5094051847158856
0.09999999999999998,0.21714285714285714,0.9669675919173316,0.49904486487682176
0.09999999999999998,0.23785714285714285,0.9670336991983295,0.491023279559332
0.09999999999999998,0.25857142857142856,0.9692323927642724,0.49654300773348337
0.09999999999999998,0.27928571428571425,0.9613007511054507,0.4831454751364893
0.09999999999999998,0.3,0.964768987892966,0.4965353226011827
0.15000000000000002,0.01,0.8556324426500491,0.4549469602210461
0.15000000000000002,0.030714285714285715,0.9237663407785497,0.5243172153366408
0.15000000000000002,0.05142857142857143,0.930882652013849,0.5099386971797697
0.15000000000000002,0.07214285714285713,0.9371750944263931,0.4984617964210838
0.15000000000000002,0.09285714285714285,0.9455090377228009,0.5145251332999328
0.15000000000000002,0.11357142857142856,0.9478542891261977,0.5126348496293663
0.15000000000000002,0.13428571428571429,0.9457238926997384,0.5086307260690861
0.15000000000000002,0.155,0.9477112125161687,0.5055113516036196
0.15000000000000002,0.1757142857142857,0.9468618363465878,0.5063803006971568
0.15000000000000002,0.19642857142857142,0.9505143088508307,0.5016113325369834
0.15000000000000002,0.21714285714285714,0.9486015026586456,0.5101851772155832
0.15000000000000002,0.23785714285714285,0.9489106860167982,0.4995978318029185
0.15000000000000002,0.25857142857142856,0.9465906670461423,0.4966613125480196
0.15000000000000002,0.27928571428571425,0.9527620003205117,0.4954334350751064
0.15000000000000002,0.3,0.9518634254689669,0.5067799569975437
0.20000000000000007,0.01,0.8278821886011192,0.561256036899743
0.20000000000000007,0.030714285714285715,0.8906005147536247,0.5162557342797024
0.20000000000000007,0.05142857142857143,0.9004767882771088,0.48678675819071937
0.20000000000000007,0.07214285714285713,0.9035838693787002,0.4728896427139011
0.20000000000000007,0.09285714285714285,0.9184122768201224,0.5067327477427997
0.20000000000000007,0.11357142857142856,0.9252287687945215,0.516772544550347
0.20000000000000007,0.13428571428571429,0.9210777954833513,0.5108243243595871
0.20000000000000007,0.155,0.9259213023351088,0.5100579909874265
0.20000000000000007,0.1757142857142857,0.9224167711221016,0.49891861971306395
0.20000000000000007,0.19642857142857142,0.9204218847333828,0.5033245934433329
0.20000000000000007,0.21714285714285714,0.9194592550141114,0.49320939436399824
0.20000000000000007,0.23785714285714285,0.9349381321246742,0.5081487969309424
0.20000000000000007,0.25857142857142856,0.9225151959707998,0.48721220368188
0.20000000000000007,0.27928571428571425,0.9243666029570117,0.4906897864289391
0.20000000000000007,0.3,0.9255132329683926,0.49621435710940076
0.25,0.01,0.68981071812046,0.47681583443152864
0.25,0.030714285714285715,0.8139781925781486,0.47385023054109576
0.25,0.05142857142857143,0.8599397340169199,0.5119823215891541
0.25,0.07214285714285713,0.8614589481139943,0.5066092225048908
0.25,0.09285714285714285,0.8754769238693723,0.49466152439280364
0.25,0.11357142857142856,0.8757135438906437,0.49550620308282367
0.25,0.13428571428571429,0.8862443982885454,0.49343476142472964
0.25,0.155,0.8917959190789547,0.4989728149031347
0.25,0.1757142857142857,0.8914024785936172,0.5113350704889438
0.25,0.19642857142857142,0.8908863035265715,0.5012628641574033
0.25,0.21714285714285714,0.8920825059087171,0.49480245726587035
0.25,0.23785714285714285,0.8980592563331059,0.5016417185638207
0.25,0.25857142857142856,0.8958150199216088,0.4964597538065939
0.25,0.27928571428571425,0.9009160844658998,0.5071578679957582
0.25,0.3,0.8993477786480754,0.5087558122562712
0.30000000000000004,0.01,0.5849209017657588,0.43763171240970344
0.30000000000000004,0.030714285714285715,0.7686204880583765,0.4774871099946797
0.30000000000000004,0.05142857142857143,0.7901743231901047,0.5061845242268315
0.30000000000000004,0.07214285714285713,0.8151985007484308,0.5009300439723287
0.30000000000000004,0.09285714285714285,0.8101999920192466,0.4806878102943891
0.30000000000000004,0.11357142857142856,0.8403895095856071,0.5117369479820897
0.30000000000000004,0.13428571428571429,0.8350234464224016,0.5058662864083016
0.30000000000000004,0.155,0.844954163071746,0.5020987892693451
0.30000000000000004,0.1757142857142857,0.8460177497524025,0.5031022572179127
0.30000000000000004,0.19642857142857142,0.8466325929884678,0.49483093233524933
0.30000000000000004,0.21714285714285714,0.8502380875477692,0.4953099079410225
0.30000000000000004,0.23785714285714285,0.8577384893862434,0.502833254898903
0.30000000000000004,0.25857142857142856,0.8562288390007212,0.504165937836942
0.30000000000000004,0.27928571428571425,0.8621504894900232,0.5004003408152118
0.30000000000000004,0.3,0.8566618427412411,0.5002124163173214
0.35,0.01,0.601501605790516,0.5027825216928248
0.35,0.030714285714285715,0.6981355269355451,0.4956918632885099
0.35,0.05142857142857143,0.717461726654982,0.49870595258539374
0.35,0.07214285714285713,0.7504640337714581,0.5096014194664711
0.35,0.09285714285714285,0.7528149086921939,0.48202887007073825
0.35,0.11357142857142856,0.7712947140326487,0.5068219482087011
0.35,0.13428571428571429,0.7777895196765524,0.4929588648025739
0.35,0.155,0.777858190563044,0.4989285800657717
0.35,0.1757142857142857,0.7890280232594432,0.5047885749783612
0.35,0.19642857142857142,0.7941766600598263,0.500684750370751
0.35,0.21714285714285714,0.7932063287088078,0.49411480558128207
0.35,0.23785714285714285,0.8009406277916574,0.5006850175098817
0.35,0.25857142857142856,0.8005956962386763,0.4974208174679161
0.35,0.27928571428571425,0.8037463829513197,0.492751987787972
0.35,0.3,0.8075213580720092,0.4926096818910879
0.4,0.01,0.5324918471272254,0.5767449292389246
0.4,0.030714285714285715,0.5908163651881665,0.4829238975654817
0.4,0.05142857142857143,0.6468196710582468,0.49206050345900887
0.4,0.07214285714285713,0.6653058245370211,0.5008364046909404
0.4,0.09285714285714285,0.6826888094283976,0.5041156896291037
0.4,0.11357142857142856,0.6960971142000354,0.49865012983641177
0.4,0.13428571428571429,0.7165042501160304,0.5088209256285148
0.4,0.155,0.713066042408897,0.5015202181112582
0.4,0.1757142857142857,0.7206183570111995,0.504270537994379
0.4,0.19642857142857142,0.7192497304062162,0.4998875695810894
0.4,0.21714285714285714,0.735232915118661,0.5108544068522571
0.4,0.23785714285714285,0.7346529906346412,0.500946030037176
0.4,0.25857142857142856,0.7401237758461594,0.5010816465903536
0.4,0.27928571428571425,0.7432479433259747,0.5040121888605733
0.4,0.3,0.7499881730935003,0.49924166973515705
